path	size_bytes
.gitignore	70
CITATION.cff	300
DATA_LICENSE.md	584
LICENSE	1074
README.md	3909
data/README.md	800
data/processed/argentina_clean.csv	1432358
data/processed/brazil_clean.csv	2514096
data/processed/chile_clean.csv	1714187
data/processed/unified_dataset.csv	5660431
data/raw/argentina_raw.csv	1216117
data/raw/brazil_raw.csv	2118832
data/raw/chile_raw.csv	1440568
docs/DATA_PROVENANCE.md	601
docs/METHODOLOGY.md	1673
docs/TRACEABLE_REFERENCES.md	3404
docs/VERIFICATION.md	1429
models/argentina_pm25_prediction_3h.tflite	3360
models/brazil_pm25_prediction_3h.tflite	3360
models/chile_pm25_prediction_3h.tflite	3360
models/model_metadata.json	2029
models/preprocessing_parameters.json	3825
notebook/FDTE_TinyML_LatinScience2026_FINAL.ipynb	6414
requirements.txt	66
results/contextual_zscore_summary.csv	129
results/fdte_scenarios.csv	232
results/fdte_weight_sensitivity.csv	226
results/model_performance_temporal.csv	556
results/station_split_audit.csv	684
results/tco_base_scenarios.csv	126
results/tco_sensitivity.csv	238
src/__pycache__/fdte_experiment.cpython-313.pyc	21554
src/fdte_experiment.py	16028
